x,true_y,predicted_y
0.9009009009009009,0.7838866,0.7996349
1.001001001001001,0.8420114,0.8635496
1.1011011011011012,0.8917063,0.9160149
1.2012012012012012,0.93247366,0.95635456
1.3013013013013013,0.96390545,0.9846623
1.4014014014014016,0.98568696,1.0016662
1.5015015015015016,0.9976001,1.008453
1.6016016016016017,0.99952555,1.0061613
1.7017017017017018,0.9914441,0.99574035
1.8018018018018018,0.97343665,0.9778167
1.9019019019019021,0.94568354,0.95266616
2.002002002002002,0.90846246,0.920269
2.1021021021021022,0.8621462,0.8804139
2.2022022022022023,0.80719846,0.83281624
2.3023023023023024,0.7441693,0.7772355
2.4024024024024024,0.6736897,0.71357477
2.5025025025025025,0.5964654,0.64195085
2.6026026026026026,0.5132695,0.56274176
2.702702702702703,0.4249349,0.47659683
2.802802802802803,0.33234596,0.38442233
2.902902902902903,0.23642972,0.2873323
3.0030030030030033,0.13814643,0.18657336
3.1031031031031033,0.038480047,0.08343344
3.2032032032032034,-0.06157158,-0.020854048
3.3033033033033035,-0.16100678,-0.1251921
3.4034034034034035,-0.25883,-0.22865522
3.5035035035035036,-0.35406196,-0.3304571
3.6036036036036037,-0.44574913,-0.42983782
3.7037037037037037,-0.5329736,-0.5258917
3.8038038038038042,-0.61486214,-0.617401
3.9039039039039043,-0.69059485,-0.7027637
4.004004004004004,-0.7594136,-0.78009975
4.104104104104104,-0.82062936,-0.8475409
4.2042042042042045,-0.8736292,-0.9036051
4.3043043043043046,-0.9178826,-0.9475012
4.404404404404405,-0.9529465,-0.9792373
4.504504504504505,-0.9784697,-0.99950385
4.604604604604605,-0.9941969,-1.0093998
4.704704704704705,-0.9999705,-1.0101174
4.804804804804805,-0.9957327,-1.0026826
4.904904904904905,-0.98152596,-0.98779726
5.005005005005005,-0.95749253,-0.96579766
5.105105105105105,-0.923873,-0.9366945
5.205205205205205,-0.881004,-0.9002716
5.305305305305305,-0.8293146,-0.8562044
5.405405405405406,-0.76932245,-0.80418235
5.505505505505506,-0.7016281,-0.74401253
5.605605605605606,-0.6269092,-0.67570347
5.705705705705706,-0.545914,-0.59951866
5.805805805805806,-0.45945323,-0.51600444
5.9059059059059065,-0.3683926,-0.425981
6.0060060060060065,-0.2736437,-0.33051008
6.106106106106107,-0.17615521,-0.2308324
6.206206206206207,-0.0769031,-0.12827834
6.306306306306307,0.02311894,-0.024170086
6.406406406406407,0.122909516,0.080271214
6.506506506506507,0.22146957,0.18399638
6.606606606606607,0.31781232,0.2861431
6.706706706706707,0.41097328,0.3859724
6.806806806806807,0.50001967,0.48273528
6.906906906906907,0.5840601,0.5754926
7.007007007007007,0.662253,0.6629698
7.107107107107107,0.7338157,0.743533
7.207207207207207,0.79803175,0.8153524
7.307307307307307,0.8542581,0.87672186
7.407407407407407,0.9019319,0.92641807
7.507507507507508,0.9405759,0.9639437
7.6076076076076085,0.96980315,0.9895575
7.7077077077077085,0.98932105,1.0040985
7.807807807807809,0.99893415,1.0086907
7.907907907907909,0.9985463,1.0044477
8.008008008008009,0.9881614,0.9922515
8.108108108108109,0.9678833,0.972646
8.208208208208209,0.937915,0.94583195
8.308308308308309,0.8985567,0.911736
8.408408408408409,0.8502024,0.8701176
8.508508508508509,0.79333603,0.8206935
8.608608608608609,0.7285271,0.7632484
8.70870870870871,0.6564244,0.69772923
8.80880880880881,0.57774985,0.6243098
8.90890890890891,0.493291,0.5434305
9.00900900900901,0.4038935,0.4558041
9.10910910910911,0.31045234,0.36238945
9.20920920920921,0.21390305,0.26433775
9.30930930930931,0.11521223,0.16291487
9.40940940940941,0.015367947,0.05940476
9.50950950950951,-0.0846302,-0.04498598
9.60960960960961,-0.18378106,-0.14919785
9.70970970970971,-0.28109196,-0.25234407
9.80980980980981,-0.37558866,-0.35365617
9.90990990990991,-0.46632507,-0.45235807
10.01001001001001,-0.55239284,-0.5474844
10.11011011011011,-0.6329302,-0.63772964
10.21021021021021,-0.7071309,-0.7214105
10.31031031031031,-0.774252,-0.79661894
10.41041041041041,-0.83362156,-0.8615425
10.51051051051051,-0.8846452,-0.91483724
10.61061061061061,-0.92681205,-0.95589566
10.710710710710712,-0.9597,-0.9849014
10.810810810810812,-0.9829797,-1.0026668
10.910910910910912,-0.9964182,-1.0103394
11.011011011011012,-0.99988085,-1.0090928
11.111111111111112,-0.99333304,-0.9998876
11.211211211211213,-0.9768403,-0.98334265
11.311311311311313,-0.9505678,-0.9597112
11.411411411411413,-0.9147785,-0.92894256
11.511511511511513,-0.8698307,-0.890784
11.611611611611613,-0.8161745,-0.84490466
11.711711711711713,-0.754347,-0.79101145
11.811811811811813,-0.6849673,-0.72895217
11.911911911911913,-0.6087299,-0.6587904
12.012012012012013,-0.52639806,-0.5808543
12.112112112112113,-0.43879613,-0.49575382
12.212212212212213,-0.34680113,-0.40437007
12.312312312312313,-0.25133404,-0.30781257
12.412412412412413,-0.15335071,-0.20735067
12.512512512512513,-0.05383207,-0.104322486
12.612612612612613,0.04622552,-3.466755e-05
12.712712712712714,0.14582032,0.10432716
12.812812812812814,0.24395521,0.20775878
12.912912912912914,0.33964768,0.3094332
13.013013013013014,0.43193975,0.40862474
13.113113113113114,0.51990736,0.50455636
13.213213213213214,0.60266984,0.5962212
13.313313313313314,0.6793986,0.68225765
13.413413413413414,0.7493254,0.7609652
13.513513513513514,0.81175023,0.83051026
13.613613613613614,0.8660481,0.88926816
13.713713713713714,0.9116754,0.9361686
13.813813813813814,0.9481753,0.9708948
13.913913913913914,0.97518235,0.9938611
14.014014014014014,0.9924263,1.0060003
14.114114114114114,0.9997343,1.0084585
14.214214214214214,0.9970333,1.0023111
14.314314314314315,0.9843504,0.9883684
14.414414414414415,0.9618125,0.9670917
14.514514514514515,0.9296452,0.93861043
14.614614614614615,0.88817066,0.90280145
14.714714714714715,0.837804,0.85940456
14.814814814814815,0.7790496,0.80814296
14.914914914914915,0.71249557,0.74882966
15.015015015015017,0.63880825,0.6814606
15.115115115115117,0.5587254,0.6062695
15.215215215215217,0.4730488,0.5237589
15.315315315315317,0.3826362,0.434702
15.415415415415417,0.28839275,0.34010863
15.515515515515517,0.19126204,0.24116352
15.615615615615617,0.09221645,0.13914599
15.715715715715717,-0.00775237,0.03532941
15.815815815815817,-0.107643574,-0.0691076
15.915915915915917,-0.2064571,-0.17314643
16.016016016016017,-0.3032036,-0.2759347
16.116116116116117,-0.3969146,-0.3767169
16.216216216216218,-0.48665178,-0.47468877
16.316316316316318,-0.57151675,-0.56881845
16.416416416416418,-0.6506599,-0.6577089
16.516516516516518,-0.7232889,-0.73960483
16.616616616616618,-0.7886765,-0.8125874
16.716716716716718,-0.8461682,-0.8749204
16.816816816816818,-0.89518833,-0.92541313
16.916916916916918,-0.9352461,-0.9636446
17.017017017017018,-0.96594054,-0.98996437
17.117117117117118,-0.9869643,-1.0052907
17.217217217217218,-0.99810684,-1.0108038
17.31731731731732,-0.99925673,-1.007645
17.41741741741742,-0.9904024,-0.996703
17.51751751751752,-0.9716325,-0.97851133
17.61761761761762,-0.9431349,-0.9532449
17.71771771771772,-0.90519494,-0.9207968
17.81781781781782,-0.8581925,-0.88088477
17.91791791791792,-0.8025981,-0.8331765
18.01801801801802,-0.7389684,-0.7774037
18.11811811811812,-0.6679404,-0.7134584
18.21821821821822,-0.59022516,-0.6414617
18.31831831831832,-0.50660074,-0.56180614
18.41841841841842,-0.4179045,-0.47516692
18.51851851851852,-0.32502428,-0.38248235
18.61861861861862,-0.22889005,-0.2849065
18.71871871871872,-0.13046424,-0.18373239
18.81881881881882,-0.030732263,-0.08030021
18.91891891891892,0.06930739,0.024103753
19.01901901901902,0.16865316,0.12833312
19.11911911911912,0.26631042,0.23142678
19.21921921921922,0.36130148,0.332591
19.31931931931932,0.4526753,0.43110415
19.41941941941942,0.5395171,0.5261513
19.51951951951952,0.62095743,0.6166512
19.61961961961962,0.69618094,0.7011552
19.71971971971972,0.7644346,0.7779076
19.81981981981982,0.82503486,0.84509015
19.91991991991992,0.8773752,0.9011786
20.02002002002002,0.9209316,0.9452665
20.12012012012012,0.95526785,0.97721624
20.22022022022022,0.9800403,0.997586
20.32032032032032,0.99500096,1.0073856
20.42042042042042,1.0,1.0077682
20.52052052052052,0.99498737,0.9997606
20.62062062062062,0.98001325,0.9840955
20.72072072072072,0.95522755,0.9611542
20.82082082082082,0.9208784,0.9309984
20.92092092092092,0.8773098,0.8934623
21.02102102102102,0.8249578,0.8482717
21.12112112112112,0.76434666,0.79516137
21.22122122122122,0.69608307,0.7339804
21.32132132132132,0.62085056,0.664774
21.421421421421424,0.5394023,0.5878373
21.521521521521525,0.45255375,0.50373656
21.621621621621625,0.36117435,0.41330373
21.721721721721725,0.26617903,0.31759495
21.821821821821825,0.16851877,0.21782511
21.921921921921925,0.06917138,0.115281254
22.022022022022025,-0.030868543,0.011221688
22.122122122122125,-0.13059941,-0.09320714
22.222222222222225,-0.22902277,-0.19702771
22.322322322322325,-0.32515323,-0.29941878
22.422422422422425,-0.41802835,-0.39962864
22.522522522522525,-0.50671834,-0.49681652
22.622622622622625,-0.5903352,-0.5898745
22.722722722722725,-0.6680418,-0.6773157
22.822822822822825,-0.7390602,-0.7573229
22.922922922922925,-0.8026794,-0.8279853
23.023023023023026,-0.8582625,-0.8876634
23.123123123123126,-0.9052529,-0.93533146
23.223223223223226,-0.9431802,-0.97075546
23.323323323323326,-0.9716647,-0.9944397
23.423423423423426,-0.99042124,-1.0073915
23.523523523523526,-0.999262,-1.0108067
23.623623623623626,-0.9980985,-1.0057833
23.723723723723726,-0.98694235,-0.9931334
23.823823823823826,-0.96590525,-0.9733037
23.923923923923926,-0.93519783,-0.9463964
24.024024024024026,-0.89512753,-0.91225314
24.124124124124126,-0.8460955,-0.8705693
24.224224224224226,-0.7885927,-0.8210175
24.324324324324326,-0.7231947,-0.76335955
24.424424424424426,-0.6505564,-0.6975343
24.524524524524526,-0.5714049,-0.6237231
24.624624624624627,-0.48653266,-0.5423841
24.724724724724727,-0.39678943,-0.45425662
24.824824824824827,-0.3030737,-0.36033335
24.924924924924927,-0.20632368,-0.26180834
25.025025025025027,-0.107508026,-0.15999404
25.125125125125127,-0.00761603,-0.05622682
25.225225225225227,0.09235221,0.04823224
25.325325325325327,0.19139585,0.15227759
25.425425425425427,0.28852332,0.2549912
25.525525525525527,0.38276216,0.35560787
25.625625625625627,0.47316894,0.45339984
25.725725725725727,0.5588385,0.5475053
25.825825825825827,0.63891315,0.6367625
25.925925925925927,0.7125912,0.7196394
26.026026026026027,0.77913505,0.7943383
26.126126126126128,0.83787847,0.85907555
26.226226226226228,0.8882333,0.9124455
26.326326326326328,0.9296954,0.9537139
26.426426426426428,0.9618498,0.982918
26.526526526526528,0.9843744,1.0007464
26.626626626626628,0.9970438,1.0082694
26.726726726726728,0.9997311,1.0066313
26.826826826826828,0.9924095,0.99680287
26.926926926926928,0.9751522,0.97943604
27.027027027027028,0.948132,0.9548327
27.127127127127128,0.91161937,0.9229925
27.227227227227228,0.86597997,0.88371503
27.32732732732733,0.8116706,0.8367157
27.42742742742743,0.74923515,0.7817483
27.52752752752753,0.6792985,0.7187015
27.62762762762763,0.60256106,0.6476737
27.72772772772773,0.5197909,0.56902164
27.82782782782783,0.4318168,0.4833758
27.92792792792793,0.33951944,0.3916235
28.02802802802803,0.24382298,0.29486454
28.12812812812813,0.14568542,0.19433913
28.22822822822823,0.04608932,0.091336116
28.32832832832833,-0.053968213,-0.012904771
28.42842842842843,-0.15348543,-0.11727361
28.52852852852853,-0.251466,-0.22083247
28.62862862862863,-0.346929,-0.3227867
28.72872872872873,-0.43891865,-0.4223804
28.82882882882883,-0.526514,-0.5187255
28.92892892892893,-0.608838,-0.61063236
29.02902902902903,-0.68506664,-0.69652647
29.12912912912913,-0.75443655,-0.7745412
29.22922922922923,-0.8162533,-0.8427944
29.32932932932933,-0.86989796,-0.89976203
29.42942942942943,-0.91483355,-0.9445935
29.52952952952953,-0.9506101,-0.9772378
29.62962962962963,-0.97686946,-0.9983417
29.72972972972973,-0.9933488,-1.008984
29.82982982982983,-0.99988294,-1.0103611
29.929929929929934,-0.9964067,-1.0035166
30.030030030030034,-0.9829547,-0.98918164
30.130130130130134,-0.95966166,-0.96771944
30.230230230230234,-0.92676085,-0.9391625
30.330330330330334,-0.8845816,-0.903307
30.430430430430434,-0.8335463,-0.8598336
30.530530530530534,-0.7741657,-0.8084254
30.630630630630634,-0.70703447,-0.748878
30.730730730730734,-0.63282466,-0.68118256
30.830830830830834,-0.5522792,-0.60558134
30.930930930930934,-0.46620446,-0.52259946
31.031031031031034,-0.3754623,-0.4330363
31.131131131131134,-0.2809611,-0.33793864
31.231231231231234,-0.18364702,-0.23853427
31.331331331331334,-0.084494345,-0.13615143
31.431431431431434,0.0155042745,-0.032117248
31.531531531531535,0.11534767,0.07233769
31.631631631631635,0.21403624,0.17615041
31.731731731731735,0.31058195,0.27844372
31.831831831831835,0.40401822,0.37847456
31.931931931931935,0.49340957,0.4755002
32.032032032032035,0.57786113,0.5686024
32.132132132132135,0.6565273,0.6565347
32.232232232232235,0.7286205,0.7376874
32.332332332332335,0.79341906,0.81023586
32.432432432432435,0.85027415,0.87245154
32.532532532532535,0.89861655,0.92306334
32.632632632632635,0.93796235,0.96151453
32.732732732732735,0.96791756,0.9880111
32.832832832832835,0.9881823,1.0033569
32.932932932932935,0.9985537,1.0086651
33.033033033033036,0.9989279,1.0050594
33.133133133133136,0.98930115,0.99344444
33.233233233233236,0.9697699,0.9743916
33.333333333333336,0.9405296,0.94812596
33.433433433433436,0.901873,0.9145911
33.533533533533536,0.8541872,0.87355494
33.633633633633636,0.79794955,0.82473415
33.733733733733736,0.7337231,0.76790386
33.833833833833836,0.66215086,0.70299554
33.933933933933936,0.5839494,0.6301652
34.034034034034036,0.4999016,0.5498323
34.134134134134136,0.41084898,0.46268803
34.234234234234236,0.31768304,0.36967504
34.334334334334336,0.2213366,0.27193302
34.434434434434436,0.122774206,0.17072117
34.53453453453454,0.02298263,0.067325704
34.63463463463464,-0.07703903,-0.03703732
34.73473473473474,-0.17628941,-0.1412963
34.83483483483484,-0.27377483,-0.24455118
34.93493493493494,-0.36851934,-0.34602922
35.03503503503504,-0.4595743,-0.44496006
35.13513513513514,-0.5460282,-0.5403994
35.23523523523524,-0.6270155,-0.63107073
35.33533533533534,-0.7017252,-0.715317
35.43543543543544,-0.76940954,-0.7912373
35.53553553553554,-0.8293908,-0.85699856
35.63563563563564,-0.88106847,-0.91120964
35.73573573573574,-0.92392516,-0.95320225
35.83583583583584,-0.95753187,-0.9831027
35.93593593593594,-0.98155206,-1.0016851
36.03603603603604,-0.99574524,-1.0100831
36.13613613613614,-0.9999694,-1.0094775
36.23623623623624,-0.9941822,-1.0008521
36.33633633633634,-0.9784416,-0.9848516
36.43643643643644,-0.9529051,-0.9617578
36.53653653653654,-0.9178285,-0.9315396
36.63663663663664,-0.8735629,-0.89395475
36.73673673673674,-0.82055146,-0.8486739
36.83683683683684,-0.7593249,-0.795398
36.93693693693694,-0.69049627,-0.7339612
37.03703703703704,-0.6147546,-0.66440773
37.13713713713714,-0.53285825,-0.5870452
37.23723723723724,-0.44562706,-0.502462
37.33733733733734,-0.35393444,-0.41151986
37.43743743743744,-0.2586983,-0.31531328
37.53753753753754,-0.1608722,-0.21510166
37.63763763763764,-0.061435495,-0.11222134
37.73773773773774,0.038616292,-0.007985923
37.83783783783784,0.13828146,0.096408054
37.93793793793794,0.2365622,0.19994125
38.03803803803804,0.33247456,0.3017757
38.13813813813814,0.4250583,0.4011816
38.23823823823824,0.5133865,0.49739277
38.33833833833834,0.59657484,0.58942527
38.43843843843844,0.67379045,0.67594624
38.53853853853854,0.7442603,0.75527596
38.63863863863864,0.80727893,0.8255801
38.73873873873874,0.8622153,0.88520527
38.83883883883884,0.90851945,0.93302894
38.93893893893894,0.9457278,0.9686751
39.03903903903904,0.9734679,0.99250805
39.13913913913914,0.99146193,1.0054317
39.23923923923924,0.9995297,1.008586
39.33933933933934,0.9975906,1.0030612
39.43943943943944,0.98566395,0.9896908
39.53953953953954,0.96386915,0.9689634
39.63963963963964,0.9324244,0.9410321
39.73973973973974,0.89164454,0.90578914
39.83983983983984,0.84193784,0.86297995
39.93993993993994,0.7838019,0.8123245
40.04004004004004,0.71781886,0.75362706
40.14014014014014,0.6446492,0.6868659
40.24024024024024,0.56502557,0.61225533
40.34034034034034,0.4797451,0.53027815
40.44044044044044,0.38966155,0.4416867
40.54054054054054,0.29567683,0.34747428
40.64064064064064,0.19873191,0.24881616
40.74074074074074,0.09979735,0.14698684
40.84084084084084,-0.00013634417,0.043264247
40.94094094094094,-0.10006867,-0.061163656
41.04104104104104,-0.19899915,-0.16526464
41.14114114114114,-0.29593733,-0.26817504
41.24124124124124,-0.38991266,-0.3691367
41.34134134134134,-0.4799843,-0.4673549
41.44144144144144,-0.5652506,-0.5618206
41.54154154154154,-0.64485765,-0.65116763
41.64164164164164,-0.7180087,-0.73366296
41.74174174174174,-0.78397125,-0.80738944
41.84184184184184,-0.84208494,-0.8705834
41.94194194194194,-0.891768,-0.9220021
42.04204204204204,-0.9325229,-0.96116287
42.14214214214214,-0.96394175,-0.9883622
42.24224224224224,-0.9857099,-1.0044849
42.34234234234234,-0.9976095,-1.0107023
42.44244244244244,-0.9995214,-1.0081683
42.54254254254254,-0.9914263,-0.997795
42.64264264264264,-0.9734055,-0.98014414
42.74274274274275,-0.9456392,-0.95541704
42.84284284284285,-0.9084055,-0.9235238
42.94294294294295,-0.8620771,-0.8841915
43.04304304304305,-0.80711794,-0.83708715
43.14314314314315,-0.74407816,-0.78193474
43.24324324324325,-0.67358893,-0.7186099
43.34334334334335,-0.596356,-0.6472155
43.44344344344345,-0.5131525,-0.56812245
43.54354354354355,-0.42481145,-0.4819842
43.64364364364365,-0.33221737,-0.3897217
43.74374374374375,-0.23629725,-0.29247373
43.84384384384385,-0.13801138,-0.19152647
43.94394394394395,-0.038343806,-0.088219665
44.04404404404405,0.061707664,0.016153038
44.14414414414415,0.16114134,0.12043162
44.24424424424425,0.2589617,0.2236413
44.34434434434435,0.35418946,0.3249781
44.44444444444445,0.44587117,0.42371914
44.54454454454455,0.533089,0.5190637
44.64464464464465,0.6149697,0.60995567
44.74474474474475,0.6906935,0.6949747
44.84484484484485,0.7595023,0.77238226
44.94494494494495,0.82070726,0.84035236
45.04504504504505,0.87369555,0.89732605
45.14514514514515,0.9179367,0.9423418
45.24524524524525,0.9529878,0.97520304
45.34534534534535,0.97849786,0.9964222
45.44544544544545,0.99421155,1.0069854
45.54554554554555,0.9999715,1.0080453
45.64564564564565,0.9957201,1.0006459
45.74574574574575,0.98149985,0.98554605
45.84584584584585,0.9574532,0.9631523
45.94594594594595,0.9238208,0.93354905
46.04604604604605,0.8809395,0.8965837
46.14614614614615,0.8292384,0.8519856
46.24624624624625,0.7692353,0.7994849
46.34634634634635,0.70153093,0.73891926
46.44644644644645,0.626803,0.67031634
46.54654654654655,0.54579973,0.5939515
46.64664664664665,0.4593321,0.5103701
46.74674674674675,0.3682658,0.42038438
46.84684684684685,0.27351257,0.32503587
46.94694694694695,0.176021,0.22552985
47.04704704704705,0.076767154,0.12315189
47.14714714714715,-0.023255248,0.01916577
47.24724724724725,-0.123044826,-0.085271865
47.34734734734735,-0.22160251,-0.18916908
47.44744744744745,-0.3179416,-0.29169554
47.54754754754755,-0.41109756,-0.3920985
47.64764764764765,-0.50013775,-0.489551
47.74774774774775,-0.5841707,-0.5829704
47.84784784784785,-0.6623552,-0.6708998
47.94794794794795,-0.73390836,-0.7515406
48.04804804804805,-0.7981139,-0.82297736
48.14814814814815,-0.854329,-0.88353646
48.24824824824825,-0.9019908,-0.93213695
48.34834834834835,-0.94062215,-0.96848285
48.44844844844845,-0.96983635,-0.9930295
48.54854854854855,-0.9893409,-1.0067565
48.64864864864865,-0.99894047,-1.0108563
48.74874874874875,-0.998539,-1.0064417
48.84884884884885,-0.98814046,-0.9943515
48.94894894894895,-0.96784896,-0.97506034
49.04904904904905,-0.93786776,-0.94869447
49.14914914914915,-0.89849687,-0.9151116
49.24924924924925,-0.85013056,-0.87401336
49.34934934934935,-0.79325306,-0.82507056
49.44944944944945,-0.7284337,-0.76803386
49.54954954954955,-0.6563216,-0.702827
49.64964964964965,-0.57763857,-0.629611
49.74974974974975,-0.49317238,-0.54882246
49.84984984984985,-0.40376875,-0.46117958
49.94994994994995,-0.31032273,-0.3676572
50.050050050050054,-0.21376985,-0.26943734
50.150150150150154,-0.115076795,-0.1678262
50.250250250250254,-0.015231618,-0.0641614
50.350350350350354,0.08476605,0.04028617
50.450450450450454,0.18391508,0.14439769
50.550550550550554,0.2812228,0.24724105
50.650650650650654,0.37571502,0.3480422
50.750750750750754,0.46644568,0.44607663
50.850850850850854,0.5525065,0.540499
50.950950950950954,0.6330358,0.63017416
51.051051051051054,0.7072273,0.7135978
51.151151151151154,0.7743383,0.7889839
51.251251251251254,0.8336969,0.85453534
51.351351351351354,0.88470876,0.9088056
51.451451451451454,0.92686325,0.95100296
51.551551551551555,0.9597383,0.9811076
51.651651651651655,0.98300475,0.9997671
51.751751751751755,0.99642974,1.0080328
51.851851851851855,0.99987876,1.0070543
51.951951951951955,0.9933173,0.9978217
52.052052052052055,0.9768111,0.9810133
52.152152152152155,0.9505254,0.9569573
52.252252252252255,0.9147234,0.9256736
52.352352352352355,0.86976343,0.8869709
52.452452452452455,0.8160957,0.8405692
52.552552552552555,0.7542575,0.7862145
52.652652652652655,0.6848679,0.72378147
52.752752752752755,0.6086217,0.6533517
52.852852852852855,0.52628213,0.5752613
52.952952952952955,0.43867362,0.49011964
53.053053053053056,0.34667322,0.39879543
53.153153153153156,0.25120208,0.30237496
53.253253253253256,0.15321597,0.20209104
53.353353353353356,0.05369592,0.099231675
53.453453453453456,-0.04636172,-0.004956074
53.553553553553556,-0.1459552,-0.10935033
53.653653653653656,-0.24408743,-0.21300018
53.753753753753756,-0.33977592,-0.31510264
53.853853853853856,-0.43206272,-0.4149043
53.953953953953956,-0.5200238,-0.51153374
54.054054054054056,-0.6027786,-0.6038288
54.154154154154156,-0.6794986,-0.69024366
54.254254254254256,-0.7494157,-0.76892614
54.354354354354356,-0.81182986,-0.83798236
54.454454454454456,-0.8661163,-0.8958483
54.55455455455456,-0.9117314,-0.9416148
54.65465465465466,-0.94821864,-0.9751713
54.75475475475476,-0.9752126,-0.9971186
54.85485485485486,-0.992443,-1.0085148
54.95495495495496,-0.99973744,-1.0105566
55.05505505505506,-0.9970228,-1.0043076
55.15515515515516,-0.98432636,-0.99052536
55.25525525525526,-0.9617751,-0.96960056
55.35535535535536,-0.92959493,-0.94158816
55.45545545545546,-0.88810796,-0.90629876
55.55555555555556,-0.8377296,-0.8634163
55.65565565565566,-0.7789641,-0.81262124
55.75575575575576,-0.71239984,-0.7536963
55.85585585585586,-0.63870335,-0.68661535
55.95595595595596,-0.55861235,-0.6116013
56.05605605605606,-0.47292867,-0.52915585
56.15615615615616,-0.38251022,-0.4400597
56.25625625625626,-0.28826222,-0.34534168
56.35635635635636,-0.1911282,-0.2462194
56.45645645645646,-0.09208068,-0.14401579
56.55655655655656,0.00788871,-0.040062003
56.65665665665666,0.10777913,0.06440054
56.75675675675676,0.20659049,0.16829503
56.85685685685686,0.30333355,0.2707315
56.95695695695696,0.39703974,0.37095928
57.05705705705706,0.48677087,0.46824253
57.15715715715716,0.57162863,0.5616826
57.25725725725726,0.65076345,0.65006053
57.35735735735736,0.723383,0.731792
57.45745745745746,0.78876036,0.8050593
57.55755755755756,0.8462408,0.8681136
57.65765765765766,0.89524907,0.9196378
57.75775775775776,0.9352944,0.9590161
57.85785785785786,0.9659758,0.9863998
57.95795795795796,0.9869862,1.0025569
58.05805805805806,0.99811524,1.0085878
58.15815815815816,0.9992515,1.0056247
58.25825825825826,0.99038357,0.9945947
58.35835835835836,0.97160023,0.97609544
58.45845845845846,0.94308954,0.95037794
58.55855855855856,0.905137,0.9174027
58.65865865865866,0.8581225,0.8769473
58.75875875875876,0.80251676,0.8287281
58.85885885885886,0.7388765,0.7725121
58.95895895895896,0.6678389,0.7082163
59.05905905905906,0.5901151,0.6359773
59.15915915915916,0.5064832,0.5561937
59.25925925925926,0.4177806,0.46953803
59.35935935935936,0.32489532,0.3769337
59.45945945945946,0.22875732,0.2795079
59.55955955955956,0.13032906,0.17851415
59.65965965965966,0.030595982,0.07524103
59.75975975975976,-0.069443405,-0.029088102
59.85985985985987,-0.16878755,-0.13338852
59.95995995995997,-0.26644185,-0.23674831
60.06006006006007,-0.36142862,-0.3383875
60.16016016016017,-0.4527969,-0.43754184
60.26026026026027,-0.5396319,-0.5332869
60.36036036036037,-0.6210643,-0.624375
60.46046046046047,-0.6962788,-0.7091752
60.56056056056057,-0.76452243,-0.78579664
60.66066066066067,-0.8251119,-0.8523875
60.76076076076077,-0.87744063,-0.90751094
60.86086086086087,-0.9209847,-0.95043826
60.96096096096097,-0.9553082,-0.98123825
61.06106106106107,-0.98006743,-1.0006446
61.16116116116117,-0.9950146,-1.0097746
61.26126126126127,-1.0,-1.0098162
61.36136136136137,-0.9949737,-1.0017732
61.46146146146147,-0.9799861,-0.9863199
61.56156156156157,-0.9551872,-0.96376336
61.66166166166167,-0.92082524,-0.9340936
61.76176176176177,-0.87724435,-0.89708066
61.86186186186187,-0.8248807,-0.85239697
61.96196196196197,-0.76425874,-0.79973775
62.06206206206207,-0.6959852,-0.7389227
62.16216216216217,-0.6207437,-0.6699797
62.26226226226227,-0.5392875,-0.593194
62.36236236236237,-0.45243216,-0.5091335
62.46246246246247,-0.3610472,-0.41863927
62.56256256256257,-0.2660476,-0.32279044
62.66266266266267,-0.16838437,-0.22283691
62.76276276276277,-0.06903536,-0.12011302
62.86286286286287,0.031004822,-0.015936255
62.96296296296297,0.1307346,0.088483915
63.06306306306307,0.22915548,0.19211417
63.16316316316317,0.32528216,0.29410398
63.26326326326327,0.4181522,0.3937199
63.36336336336337,0.5068359,0.49020487
63.46346346346347,0.5904452,0.5825976
63.56356356356357,0.6681433,0.66959316
63.66366366366367,0.7391521,0.7495345
63.76376376376377,0.8027608,0.82058805
63.86386386386387,0.85833246,0.88107353
63.96396396396397,0.9053108,0.92981833
64.06406406406407,0.9432255,0.9663868
64.16416416416416,0.9716969,0.99109197
64.26426426426427,0.9904401,1.0048063
64.36436436436436,0.9992672,1.0086639
64.46446446446447,0.99809,1.0037658
64.56456456456456,0.98692036,0.99097043
64.66466466466467,0.9658699,0.97079396
64.76476476476476,0.93514955,0.9434117
64.86486486486487,0.89506674,0.9087328
64.96496496496496,0.84602284,0.8665094
65.06506506506507,0.78850883,0.81645966
65.16516516516516,0.72310054,0.7583774
65.26526526526527,0.65045285,0.6922256
65.36536536536536,0.571293,0.618199
65.46546546546547,0.48641354,0.53675866
65.56556556556556,0.3966643,0.44863856
65.66566566566567,0.30294377,0.3548141
65.76576576576576,0.20619027,0.25645015
65.86586586586587,0.10737247,0.15481663
65.96596596596596,0.0074796895,0.05119484
66.06606606606607,-0.092487976,-0.053217657
66.16616616616616,-0.19152968,-0.15737596
66.26626626626627,-0.28865385,-0.26040456
66.36636636636636,-0.3828881,-0.36154062
66.46646646646647,-0.47328904,-0.4599992
66.56656656656656,-0.55895156,-0.55479354
66.66666666666667,-0.639018,-0.6445868
66.76676676676676,-0.71268684,-0.7276703
66.86686686686687,-0.7792205,-0.8021302
66.96696696696696,-0.83795285,-0.8661777
67.06706706706707,-0.8882959,-0.91851956
67.16716716716716,-0.9297457,-0.9586117
67.26726726726727,-0.96188706,-0.9866959
67.36736736736736,-0.9843984,-1.0036218
67.46746746746747,-0.9970543,-1.0105503
67.56756756756756,-0.99972796,-1.0086459
67.66766766766767,-0.9923927,-0.998845
67.76776776776777,-0.975122,-0.9817362
67.86786786786787,-0.94808865,-0.957548
67.96796796796797,-0.91156334,-0.92620796
68.06806806806807,-0.8659118,-0.887453
68.16816816816817,-0.81159097,-0.8409513
68.26826826826827,-0.7491448,-0.7864176
68.36836836836838,-0.67919844,-0.72371435
68.46846846846847,-0.6024522,-0.6529244
68.56856856856858,-0.5196744,-0.5743978
68.66866866866867,-0.4316938,-0.4887668
68.76876876876878,-0.3393912,-0.39693236
68.86886886886887,-0.24369074,-0.30001965
68.96896896896898,-0.14555053,-0.19930682
69.06906906906907,-0.04595312,-0.09613278
69.16916916916918,0.054104358,0.008201543
69.26926926926927,0.15362017,0.11252408
69.36936936936938,0.25159797,0.21584508
69.46946946946947,0.34705687,0.31734994
69.56956956956958,0.43904114,0.41631454
69.66966966966967,0.5266299,0.5119506
69.76976976976978,0.6089462,0.6032265
69.86986986986987,0.68516594,0.6887504
69.96996996996998,0.754526,0.7668021
70.07007007007007,0.81633204,0.83555067
70.17017017017018,0.8699652,0.8934039
70.27027027027027,0.9148886,0.9393462
70.37037037037038,0.9506524,0.97312194
70.47047047047047,0.9768986,0.9951966
70.57057057057058,0.99336445,1.0065302
70.67067067067067,0.999885,1.0082736
70.77077077077078,0.9963951,1.0014871
70.87087087087087,0.9829296,0.9869542
70.97097097097098,0.95962334,0.9651091
71.07107107107107,0.92670965,0.9360572
71.17117117117118,0.884518,0.8996606
71.27127127127127,0.83347094,0.85565364
71.37137137137138,0.7740794,0.8037619
71.47147147147147,0.706938,0.74381137
71.57157157157158,0.63271904,0.67581415
71.67167167167167,0.5521655,0.600024
71.77177177177178,0.46608385,0.5169664
71.87187187187187,0.3753359,0.42743373
71.97197197197198,0.28083023,0.33245218
72.07207207207207,0.183513,0.23321831
72.17217217217218,0.08435848,0.13101307
72.27227227227228,-0.015640602,0.02710696
72.37237237237238,-0.1154831,-0.077333175
72.47247247247248,-0.21416941,-0.18130252
72.57257257257258,-0.31071153,-0.28395987
72.67267267267268,-0.40414295,-0.3845517
72.77277277277278,-0.4935282,-0.4822625
72.87287287287288,-0.57797235,-0.5760348
72.97297297297298,-0.6566301,-0.66444165
73.07307307307308,-0.72871387,-0.7457049
73.17317317317318,-0.79350203,-0.81790614
73.27327327327328,-0.8503459,-0.87934005
73.37337337337338,-0.89867634,-0.9288712
73.47347347347348,-0.9380096,-0.96614206
73.57357357357358,-0.9679518,-0.9915565
73.67367367367368,-0.98820317,-1.0060655
73.77377377377378,-0.99856097,-1.010856
73.87387387387388,-0.9989216,-1.0070559
73.97397397397398,-0.98928124,-0.99552834
74.07407407407408,-0.9697366,-0.9767765
74.17417417417418,-0.9404833,-0.9509514
74.27427427427428,-0.9018141,-0.9179268
74.37437437437438,-0.8541163,-0.87741196
74.47447447447448,-0.79786736,-0.8290765
74.57457457457458,-0.7336305,-0.7726612
74.67467467467468,-0.6620487,-0.70807374
74.77477477477478,-0.5838387,-0.635455
74.87487487487488,-0.49978352,-0.5552211
74.97497497497498,-0.41072467,-0.46806836
75.07507507507508,-0.31755376,-0.37495407
75.17517517517518,-0.22120364,-0.27704623
75.27527527527528,-0.12263889,-0.17564562
75.37537537537538,-0.022846323,-0.07209175
75.47547547547548,0.07717498,0.032338247
75.57557557557558,0.17642362,0.13651033
75.67567567567568,0.27390596,0.23947883
75.77577577577578,0.3686461,0.34046063
75.87587587587588,0.4596954,0.43873274
75.97597597597598,0.5461424,0.5334651
76.07607607607608,0.6271216,0.6235499
76.17617617617618,0.70182234,0.7075095
76.27627627627628,0.7694966,0.7835724
76.37637637637638,0.82946694,0.84992945
76.47647647647648,0.88113296,0.90509546
76.57657657657658,0.9239773,0.9482218
76.67667667667668,0.95757115,0.9792306
76.77677677677679,0.9815781,0.99872696
76.87687687687688,0.9957578,1.0077429
76.97697697697699,0.99996835,1.00743
77.07707707707708,0.9941675,0.9987967
77.17717717717719,0.9784134,0.9825491
77.27727727727728,0.95286375,0.95904076
77.37737737737739,0.9177744,0.92831117
77.47747747747748,0.8734965,0.8901827
77.57757757757759,0.8204735,0.8443767
77.67767767767768,0.75923616,0.7906334
77.77777777777779,0.6903976,0.7288152
77.87787787787788,0.6146471,0.6589855
77.97797797797799,0.53274286,0.58146
78.07807807807808,0.44550502,0.4968271
78.17817817817819,0.3538069,0.40593767
78.27827827827828,0.25856662,0.30986285
78.37837837837839,0.16073763,0.20982796
78.47847847847848,0.061299406,0.10711927
78.57857857857859,-0.038752533,0.0029914752
78.67867867867868,-0.1384165,-0.101422675
78.77877877877879,-0.23669468,-0.20515868
78.87887887887888,-0.33260316,-0.3074052
78.97897897897899,-0.42518172,-0.40741006
79.07907907907908,-0.5135035,-0.5043172
79.17917917917919,-0.5966843,-0.59699154
79.27927927927928,-0.6738912,-0.6839161
79.37937937937939,-0.7443514,-0.76325506
79.47947947947948,-0.8073594,-0.8331052
79.57957957957959,-0.86228436,-0.8918642
79.67967967967968,-0.9085764,-0.9385653
79.77977977977979,-0.9457721,-0.97303736
79.87987987987988,-0.97349906,-0.9958347
79.97997997997999,-0.9914797,-1.0079914
80.08008008008008,-0.9995339,-1.0107043
80.18018018018019,-0.9975812,-1.0050554
80.28028028028028,-0.98564094,-0.9918281
80.38038038038039,-0.96383286,-0.9714407
80.48048048048048,-0.93237513,-0.94397163
80.58058058058059,-0.89158285,-0.9092461
80.68068068068068,-0.8418643,-0.8669536
80.78078078078079,-0.7837173,-0.81676996
80.88088088088088,-0.7177239,-0.75846744
80.98098098098099,-0.644545,-0.6920029
81.08108108108108,-0.5649131,-0.6175782
81.18118118118119,-0.47962546,-0.5356741
81.28128128128128,-0.38953596,-0.4470505
81.38138138138139,-0.2955466,-0.35271946
81.48148148148148,-0.19859828,-0.25388616
81.58158158158159,-0.099661686,-0.15186983
81.68168168168168,0.00027268834,-0.04800406
81.78178178178179,0.10020433,0.05645996
81.88188188188188,0.19913277,0.16043156
81.98198198198199,0.29606757,0.26300624
82.08208208208208,0.39003822,0.36342716
82.18218218218219,0.48010394,0.46096283
82.28228228228228,0.565363,0.5547334
82.38238238238239,0.6449619,0.6435479
82.48248248248248,0.7181036,0.7258476
82.58258258258259,0.7840559,0.79982346
82.68268268268268,0.8421585,0.8637086
82.78278278278279,0.89182967,0.9161414
82.88288288288288,0.9325721,0.95644796
82.98298298298299,0.96397805,0.98472345
83.08308308308308,0.9857329,1.001698
83.18318318318319,0.9976189,1.0084587
83.28328328328328,0.99951714,1.0061433
83.38338338338339,0.99140847,0.9957018
83.48348348348348,0.9733742,0.9777581
83.58358358358359,0.94559485,0.9525878
83.68368368368368,0.90834844,0.92017084
83.78378378378379,0.86200804,0.88029504
83.88388388388388,0.8070375,0.8326755
83.98398398398399,0.7439871,0.77707326
84.08408408408408,0.6734882,0.7133904
84.18418418418419,0.59624654,0.6417452
84.28428428428428,0.5130354,0.56251585
84.38438438438439,0.424688,0.47635347
84.48448448448448,0.33208877,0.3841641
84.58458458458459,0.23616476,0.28706226
84.68468468468468,0.13787635,0.18629482
84.78478478478479,0.03820756,0.08315034
84.88488488488488,-0.06184375,-0.021138426
84.98498498498499,-0.1612759,-0.12547576
85.08508508508508,-0.2590934,-0.22893536
85.18518518518519,-0.35431695,-0.33073142
85.28528528528528,-0.4459932,-0.43010426
85.38538538538539,-0.5332043,-0.52614784
85.4854854854855,-0.6150772,-0.6176428
85.58558558558559,-0.6907921,-0.7029861
85.6856856856857,-0.759591,-0.78029764
85.78578578578579,-0.82078516,-0.8477096
85.8858858858859,-0.8737619,-0.90374136
85.98598598598599,-0.9179908,-0.9476039
86.0860860860861,-0.9530291,-0.9793078
86.18618618618619,-0.978526,-0.9995445
86.2862862862863,-0.99422616,-1.0094138
86.38638638638639,-0.9999725,-1.0101079
86.4864864864865,-0.9957075,-1.0026517
86.58658658658659,-0.98147374,-0.98774695
86.6866866866867,-0.95741385,-0.9657279
86.78678678678679,-0.92376864,-0.93660533
86.8868868868869,-0.88087493,-0.900162
86.98698698698699,-0.82916224,-0.85607374
87.0870870870871,-0.76914823,-0.8040293
87.18718718718719,-0.7014337,-0.74383736
87.2872872872873,-0.62669677,-0.6755065
87.38738738738739,-0.54568547,-0.59930086
87.4874874874875,-0.459211,-0.5157678
87.58758758758759,-0.36813906,-0.42572767
87.6876876876877,-0.2733814,-0.33024377
87.78778778778779,-0.17588678,-0.23055643
87.8878878878879,-0.07663121,-0.12799573
87.98798798798799,0.023391554,-0.023885176
88.0880880880881,0.12318013,0.08055487
88.18818818818819,0.22173548,0.1842776
88.2882882882883,0.31807086,0.28641844
88.38838838838839,0.41122186,0.38624036
88.4884884884885,0.5002558,0.48299387
88.58858858858859,0.5842814,0.5757388
88.6886886886887,0.66245735,0.66319954
88.78878878878879,0.734001,0.7437414
88.8888888888889,0.798196,0.8155345
88.988988988989,0.8543998,0.8768735
89.0890890890891,0.90204966,0.92653686
89.1891891891892,0.94066846,0.9640295
89.2892892892893,0.9698696,0.98961186
89.3893893893894,0.98936075,1.0041242
89.4894894894895,0.9989467,1.008691
89.5895895895896,0.9985316,1.0044248
89.6896896896897,0.9881195,0.99220777
89.7897897897898,0.9678147,0.9725827
89.8898898898899,0.93782043,0.94574934
89.98998998999,0.898437,0.9116329
90.0900900900901,0.8500588,0.8699937
90.1901901901902,0.79317003,0.82054794
90.2902902902903,0.7283403,0.76308095
90.3903903903904,0.6562187,0.6975395
90.4904904904905,0.5775272,0.6240992
90.5905905905906,0.49305376,0.54320097
90.6906906906907,0.40364403,0.45555723
90.7907907907908,0.31019312,0.3621281
90.8908908908909,0.21363667,0.2640656
90.990990990991,0.11494136,0.1626352
91.0910910910911,0.01509529,0.059120994
91.1911911911912,-0.08490191,-0.045270436
91.2912912912913,-0.18404908,-0.14948088
91.3913913913914,-0.28135362,-0.25262278
91.4914914914915,-0.37584135,-0.3539289
91.5915915915916,-0.4665663,-0.45262244
91.6916916916917,-0.5526201,-0.54773766
91.7917917917918,-0.6331413,-0.6379672
91.8918918918919,-0.7073237,-0.7216277
91.991991991992,-0.77442455,-0.79681057
92.0920920920921,-0.8337722,-0.86170393
92.1921921921922,-0.8847723,-0.91496575
92.2922922922923,-0.92691445,-0.9559909
92.3923923923924,-0.9597766,-0.9849647
92.4924924924925,-0.9830298,-1.0027006
92.5925925925926,-0.99644125,-1.0103475
92.6926926926927,-0.9998766,-1.0090784
92.7927927927928,-0.9933016,-0.99985254
92.8928928928929,-0.9767819,-0.9832877
92.992992992993,-0.9504831,-0.95963717
93.0930930930931,-0.9146683,-0.928849
93.1931931931932,-0.86969614,-0.8906697
93.2932932932933,-0.8160169,-0.8447687
93.3933933933934,-0.754168,-0.7908537
93.4934934934935,-0.6847686,-0.7287719
93.5935935935936,-0.60851353,-0.6585884
93.6936936936937,-0.5261662,-0.5806317
93.7937937937938,-0.4385511,-0.49551308
93.8938938938939,-0.34654534,-0.40411347
93.993993993994,-0.2510701,-0.30754367
94.0940940940941,-0.15308124,-0.20707306
94.1941941941942,-0.053559773,-0.10403939
94.2942942942943,0.046497915,0.0002497807
94.3943943943944,0.14609008,0.1046108
94.4944944944945,0.24421965,0.20803842
94.5945945945946,0.33990416,0.3097071
94.6946946946947,0.43218568,0.40889102
94.7947947947948,0.5201403,0.5048123
94.8948948948949,0.6028874,0.59646404
94.994994994995,0.6795986,0.68248284
95.0950950950951,0.749506,0.7611679
95.1951951951952,0.8119095,0.8306856
95.2952952952953,0.8661844,0.88941246
95.3953953953954,0.91178745,0.9362798
95.4954954954955,0.9482619,0.970973
95.5955955955956,0.97524273,0.99390835
95.6956956956957,0.9924597,1.0060194
95.7957957957958,0.99974054,1.008453
95.8958958958959,0.9970123,1.0022838
95.995995995996,0.9843023,0.98832005
96.0960960960961,0.9617378,0.967024
96.1961961961962,0.9295447,0.93852293
96.2962962962963,0.8880453,0.90269357
96.3963963963964,0.8376551,0.85927564
96.4964964964965,0.77887857,0.8079918
96.5965965965966,0.7123042,0.7486573
96.6966966966967,0.63859844,0.6812663
96.7967967967968,0.5584992,0.60605395
96.8968968968969,0.47280854,0.5235248
96.996996996997,0.38238424,0.43445146
97.0970970970971,0.28813165,0.33984452
97.1971971971972,0.19099437,0.24088913
97.2972972972973,0.09194492,0.1388647
97.3973973973974,-0.00802505,0.03504537
97.4974974974975,-0.10791468,-0.06939184
97.5975975975976,-0.2067239,-0.17342857
97.6976976976977,-0.30346346,-0.2762124
97.7977977977978,-0.39716485,-0.37698808
97.8978978978979,-0.48689,-0.47495115
97.997997997998,-0.5717405,-0.5690685
98.0980980980981,-0.650867,-0.6579423
98.1981981981982,-0.7234772,-0.7398166
98.2982982982983,-0.78884417,-0.8127724
98.3983983983984,-0.8463135,-0.8750744
98.4984984984985,-0.8953098,-0.9255339
98.5985985985986,-0.9353426,-0.96373224
98.6986986986987,-0.96601105,-0.99002063
98.7987987987988,-0.98700815,-1.0053185
98.8988988988989,-0.9981236,-1.0108066
98.998998998999,-0.9992462,-1.0076255
99.0990990990991,-0.9903647,-0.9966632
99.1991991991992,-0.9715679,-0.9784517
99.2992992992993,-0.9430442,-0.95316654
99.3993993993994,-0.905079,-0.9206985
99.4994994994995,-0.8580525,-0.8807655
99.5995995995996,-0.8024354,-0.83303547
99.6996996996997,-0.7387847,-0.77724063
99.7997997997998,-0.6677374,-0.71327317
99.8998998998999,-0.590005,-0.641255
